"Timestamp","a) Staff at the call center/customer service are friendly and helpful.","b) Staff provide me with good feedback and solutions to any issues/problems I might encounter with the products/services.","c) Products/services fully meet my needs.","d) Products/services are innovative.","e) Products/services are better compared to competitors' products/services (quality).","f) The pricing of Products/services is reasonable.","Any other comments/thoughts?"
"2020/02/26 9:00:39 PM GMT","5","5","5","5","5","5",""
"2020/02/26 9:12:23 PM GMT","2","3","2","2","1","3",""
"2020/02/27 4:39:06 AM GMT","4","4","3","4","3","3",""
"2020/02/27 5:05:17 AM GMT","5","5","5","4","5","3",""
"2020/02/27 5:31:13 AM GMT","4","4","4","4","3","3",""
"2020/02/27 5:34:50 AM GMT","5","4","4","4","4","3",""
"2020/02/27 5:53:24 AM GMT","5","5","5","5","5","5",""
"2020/02/27 5:56:09 AM GMT","3","4","4","3","3","5",""
"2020/02/27 11:15:21 AM GMT","4","3","3","4","4","3",""
"2020/02/27 11:46:48 AM GMT","4","4","3","3","4","3",""
"2020/02/27 1:01:09 PM GMT","4","3","4","4","4","3",""
"2020/02/27 2:49:46 PM GMT","5","4","4","3","5","5",""
"2020/03/01 12:18:07 PM GMT","3","2","2","3","1","2",""
"2020/03/02 2:21:56 PM GMT","5","5","4","5","3","3",""
"2020/03/02 2:57:07 PM GMT","4","5","4","5","4","4","Timely response to complaints is also vital.
"
"2020/03/02 3:07:53 PM GMT","4","2","4","4","3","3",""
"2020/03/02 6:39:04 PM GMT","5","5","4","4","5","5","No other comment. "
"2020/03/02 6:56:34 PM GMT","4","4","5","5","4","5",""
"2020/03/02 7:43:18 PM GMT","5","4","2","3","3","4",""
"2020/03/03 11:07:36 AM GMT","5","5","5","5","5","5",""
"2020/03/23 12:44:40 PM GMT","5","5","5","5","5","5",""
"2020/03/23 12:56:41 PM GMT","1","1","2","3","3","1",""
"2020/03/23 1:28:29 PM GMT","4","3","4","4","3","3","Up-to-date products in stock"
"2020/03/23 1:40:19 PM GMT","5","5","4","3","3","5",""
"2020/03/23 1:45:30 PM GMT","3","3","2","3","2","3","Telecom network is very weak here in Okahandja"